改正前バージョン,改正後バージョン,改正前記号,属性1,改正後記号,属性2
from-version,to-version,from-symbol,modification,to-symbol,modification2
20150101,20160101,A23K0001000000,d,A23K0010000000,n
20150101,20160101,A23K0001000000,d,A23K0010100000,n
20150101,20160101,A23K0001000000,d,A23K0010120000,n
20150101,20160101,A23K0001000000,d,A23K0010140000,n
20150101,20160101,A23K0001000000,d,A23K0010160000,n
20150101,20160101,A23K0001000000,d,A23K0010180000,n
20150101,20160101,A23K0001000000,d,A23K0010200000,n
20150101,20160101,A23K0001000000,d,A23K0030150000,n
20150101,20160101,A23K0001000000,d,A23K0030180000,n
20150101,20160101,A23K0001000000,d,A23K0040000000,n
20150101,20160101,A23K0001000000,d,A23K0040100000,n
20150101,20160101,A23K0001000000,d,A23K0040200000,n
20150101,20160101,A23K0001000000,d,A23K0040250000,n
20150101,20160101,A23K0001000000,d,A23K0040300000,n
20150101,20160101,A23K0001000000,d,A23K0040350000,n
20150101,20160101,A23K0001020000,d,A23K0010330000,n
20150101,20160101,A23K0001040000,d,A23K0010240000,n
20150101,20160101,A23K0001060000,d,A23K0010380000,n
20150101,20160101,A23K0001080000,d,A23K0010280000,n
20150101,20160101,A23K0001100000,d,A23K0010100000,n
20150101,20160101,A23K0001100000,d,A23K0010120000,n
20150101,20160101,A23K0001100000,d,A23K0010140000,n
20150101,20160101,A23K0001100000,d,A23K0010160000,n
20150101,20160101,A23K0001100000,d,A23K0010180000,n
20150101,20160101,A23K0001100000,d,A23K0010200000,n
20150101,20160101,A23K0001100000,d,A23K0010220000,n
20150101,20160101,A23K0001100000,d,A23K0010260000,n
20150101,20160101,A23K0001100000,d,A23K0010370000,n
20150101,20160101,A23K0001100000,d,A23K0030150000,n
20150101,20160101,A23K0001100000,d,A23K0030180000,n
20150101,20160101,A23K0001120000,d,A23K0010320000,n
20150101,20160101,A23K0001140000,d,A23K0010100000,n
20150101,20160101,A23K0001140000,d,A23K0010120000,n
20150101,20160101,A23K0001140000,d,A23K0010140000,n
20150101,20160101,A23K0001140000,d,A23K0010160000,n
20150101,20160101,A23K0001140000,d,A23K0010180000,n
20150101,20160101,A23K0001140000,d,A23K0010300000,n
20150101,20160101,A23K0001140000,d,A23K0010350000,n
20150101,20160101,A23K0001140000,d,A23K0010370000,n
20150101,20160101,A23K0001160000,d,A23K0010400000,n
20150101,20160101,A23K0001160000,d,A23K0020000000,n
20150101,20160101,A23K0001160000,d,A23K0020100000,n
20150101,20160101,A23K0001160000,d,A23K0020105000,n
20150101,20160101,A23K0001160000,d,A23K0020111000,n
20150101,20160101,A23K0001160000,d,A23K0020116000,n
20150101,20160101,A23K0001160000,d,A23K0020121000,n
20150101,20160101,A23K0001160000,d,A23K0020126000,n
20150101,20160101,A23K0001160000,d,A23K0020132000,n
20150101,20160101,A23K0001160000,d,A23K0020137000,n
20150101,20160101,A23K0001160000,d,A23K0020142000,n
20150101,20160101,A23K0001160000,d,A23K0020147000,n
20150101,20160101,A23K0001160000,d,A23K0020153000,n
20150101,20160101,A23K0001160000,d,A23K0020158000,n
20150101,20160101,A23K0001160000,d,A23K0020163000,n
20150101,20160101,A23K0001160000,d,A23K0020174000,n
20150101,20160101,A23K0001160000,d,A23K0020179000,n
20150101,20160101,A23K0001165000,d,A23K0020168000,n
20150101,20160101,A23K0001165000,d,A23K0020184000,n
20150101,20160101,A23K0001165000,d,A23K0020189000,n
20150101,20160101,A23K0001170000,d,A23K0020195000,n
20150101,20160101,A23K0001175000,d,A23K0010400000,n
20150101,20160101,A23K0001175000,d,A23K0020200000,n
20150101,20160101,A23K0001175000,d,A23K0020220000,n
20150101,20160101,A23K0001175000,d,A23K0020240000,n
20150101,20160101,A23K0001175000,d,A23K0020260000,n
20150101,20160101,A23K0001175000,d,A23K0020280000,n
20150101,20160101,A23K0001180000,d,A23K0050000000,n
20150101,20160101,A23K0001180000,d,A23K0050100000,n
20150101,20160101,A23K0001180000,d,A23K0050150000,n
20150101,20160101,A23K0001180000,d,A23K0050200000,n
20150101,20160101,A23K0001180000,d,A23K0050300000,n
20150101,20160101,A23K0001180000,d,A23K0050400000,n
20150101,20160101,A23K0001180000,d,A23K0050420000,n
20150101,20160101,A23K0001180000,d,A23K0050450000,n
20150101,20160101,A23K0001180000,d,A23K0050480000,n
20150101,20160101,A23K0001180000,d,A23K0050500000,n
20150101,20160101,A23K0001180000,d,A23K0050600000,n
20150101,20160101,A23K0001180000,d,A23K0050700000,n
20150101,20160101,A23K0001180000,d,A23K0050750000,n
20150101,20160101,A23K0001180000,d,A23K0050800000,n
20150101,20160101,A23K0001180000,d,A23K0050900000,n
20150101,20160101,A23K0001200000,d,A23K0040000000,n
20150101,20160101,A23K0001200000,d,A23K0040100000,n
20150101,20160101,A23K0001200000,d,A23K0040200000,n
20150101,20160101,A23K0001200000,d,A23K0040250000,n
20150101,20160101,A23K0001220000,d,A23K0050150000,n
20150101,20160101,A23K0001240000,d,A23K0040000000,n
20150101,20160101,A23K0001240000,d,A23K0040100000,n
20150101,20160101,A23K0001240000,d,A23K0040200000,n
20150101,20160101,A23K0001240000,d,A23K0040250000,n
20150101,20160101,A23K0001240000,d,A23K0050700000,n
20150101,20160101,A23K0003000000,d,A23K0030000000,n
20150101,20160101,A23K0003000000,d,A23K0030200000,n
20150101,20160101,A23K0003020000,d,A23K0030100000,n
20150101,20160101,A23K0003020000,d,A23K0030120000,n
20150101,20160101,A23K0003020000,d,A23K0030150000,n
20150101,20160101,A23K0003020000,d,A23K0030180000,n
20150101,20160101,A23K0003030000,d,A23K0030150000,n
20150101,20160101,A23K0003030000,d,A23K0030180000,n
20150101,20160101,A23K0003040000,d,A23K0010350000,n
20150101,20160101,A23L0001000000,d,A23L0005000000,n
20150101,20160101,A23L0001000000,d,A23L0007000000,n
20150101,20160101,A23L0001000000,d,A23L0009000000,n
20150101,20160101,A23L0001000000,d,A23L0021000000,n
20150101,20160101,A23L0001010000,d,A23L0005100000,n
20150101,20160101,A23L0001015000,d,A23L0005200000,n
20150101,20160101,A23L0001025000,d,A23L0005300000,n
20150101,20160101,A23L0001030000,d,A23L0029000000,n
20150101,20160101,A23L0001035000,d,A23L0029100000,n
20150101,20160101,A23L0001050000,d,A23L0029200000,n
20150101,20160101,A23L0001052000,d,A23L0029206000,n
20150101,20160101,A23L0001052200,d,A23L0029212000,n
20150101,20160101,A23L0001052200,d,A23L0029219000,n
20150101,20160101,A23L0001052200,d,A23L0029225000,n
20150101,20160101,A23L0001052400,d,A23L0029231000,n
20150101,20160101,A23L0001052600,d,A23L0029238000,n
20150101,20160101,A23L0001052800,d,A23L0029244000,n
20150101,20160101,A23L0001053000,d,A23L0029250000,n
20150101,20160101,A23L0001053200,d,A23L0029256000,n
20150101,20160101,A23L0001053400,d,A23L0029262000,n
20150101,20160101,A23L0001054000,d,A23L0029269000,n
20150101,20160101,A23L0001056000,d,A23L0029275000,n
20150101,20160101,A23L0001056200,d,A23L0029281000,n
20150101,20160101,A23L0001058000,d,A23L0029288000,n
20150101,20160101,A23L0001059000,d,A23L0029294000,n
20150101,20160101,A23L0001060000,d,A23L0021100000,n
20150101,20160101,A23L0001064000,d,A23L0021120000,n
20150101,20160101,A23L0001068000,d,A23L0021150000,n
20150101,20160101,A23L0001072000,d,A23L0021180000,n
20150101,20160101,A23L0001076000,d,A23L0021200000,n
20150101,20160101,A23L0001080000,d,A23L0021250000,n
20150101,20160101,A23L0001090000,d,A23L0029300000,n
20150101,20160101,A23L0001090000,d,A23L0033125000,n
20150101,20160101,A23L0001100000,d,A23L0007100000,n
20150101,20160101,A23L0001105000,d,A23L0007104000,n
20150101,20160101,A23L0001160000,d,A23L0007109000,n
20150101,20160101,A23L0001162000,d,A23L0007113000,n
20150101,20160101,A23L0001164000,d,A23L0007117000,n
20150101,20160101,A23L0001164000,d,A23L0007122000,n
20150101,20160101,A23L0001164000,d,A23L0007126000,n
20150101,20160101,A23L0001164000,d,A23L0007130000,n
20150101,20160101,A23L0001164000,d,A23L0007135000,n
20150101,20160101,A23L0001164000,d,A23L0007139000,n
20150101,20160101,A23L0001168000,d,A23L0007143000,n
20150101,20160101,A23L0001168000,d,A23L0007148000,n
20150101,20160101,A23L0001172000,d,A23L0007152000,n
20150101,20160101,A23L0001176000,d,A23L0007157000,n
20150101,20160101,A23L0001180000,d,A23L0007161000,n
20150101,20160101,A23L0001180000,d,A23L0007165000,n
20150101,20160101,A23L0001180000,d,A23L0007170000,n
20150101,20160101,A23L0001180000,d,A23L0007174000,n
20150101,20160101,A23L0001180000,d,A23L0007178000,n
20150101,20160101,A23L0001180000,d,A23L0007183000,n
20150101,20160101,A23L0001180000,d,A23L0007187000,n
20150101,20160101,A23L0001180000,d,A23L0007191000,n
20150101,20160101,A23L0001182000,d,A23L0007196000,n
20150101,20160101,A23L0001185000,d,A23L0007200000,n
20150101,20160101,A23L0001186000,d,A23L0007250000,n
20150101,20160101,A23L0001187000,d,A23L0009100000,n
20150101,20160101,A23L0001190000,d,A23L0009200000,n
20150101,20160101,A23L0001200000,d,A23L0011000000,n
20150101,20160101,A23L0001201000,d,A23L0011100000,n
20150101,20160101,A23L0001202000,d,A23L0011200000,n
20150101,20160101,A23L0001211000,d,A23L0011300000,n
20150101,20160101,A23L0001212000,d,A23L0019000000,n
20150101,20160101,A23L0001214000,d,A23L0019100000,n
20150101,20160101,A23L0001216000,d,A23L0019120000,n
20150101,20160101,A23L0001216500,d,A23L0019150000,n
20150101,20160101,A23L0001217000,d,A23L0019180000,n
20150101,20160101,A23L0001218000,d,A23L0019200000,n
20150101,20160101,A23L0001220000,d,A23L0027000000,n
20150101,20160101,A23L0001221000,d,A23L0027100000,n
20150101,20160101,A23L0001222000,d,A23L0027120000,n
20150101,20160101,A23L0001223000,d,A23L0027140000,n
20150101,20160101,A23L0001224000,d,A23L0027160000,n
20150101,20160101,A23L0001225000,d,A23L0027180000,n
20150101,20160101,A23L0001226000,d,A23L0027200000,n
20150101,20160101,A23L0001227000,d,A23L0027210000,n
20150101,20160101,A23L0001228000,d,A23L0027220000,n
20150101,20160101,A23L0001229000,d,A23L0027230000,n
20150101,20160101,A23L0001230000,d,A23L0027240000,n
20150101,20160101,A23L0001231000,d,A23L0027260000,n
20150101,20160101,A23L0001232000,d,A23L0027270000,n
20150101,20160101,A23L0001234000,d,A23L0027280000,n
20150101,20160101,A23L0001235000,d,A23L0027290000,n
20150101,20160101,A23L0001236000,d,A23L0027300000,n
20150101,20160101,A23L0001237000,d,A23L0027400000,n
20150101,20160101,A23L0001238000,d,A23L0027500000,n
20150101,20160101,A23L0001240000,d,A23L0027600000,n
20150101,20160101,A23L0001270000,d,A23L0005400000,n
20150101,20160101,A23L0001272000,d,A23L0005410000,n
20150101,20160101,A23L0001275000,d,A23L0005420000,n
20150101,20160101,A23L0001275000,d,A23L0005430000,n
20150101,20160101,A23L0001275000,d,A23L0005440000,n
20150101,20160101,A23L0001275000,d,A23L0005460000,n
20150101,20160101,A23L0001275000,d,A23L0005470000,n
20150101,20160101,A23L0001275000,d,A23L0005480000,n
20150101,20160101,A23L0001277000,d,A23L0005490000,n
20150101,20160101,A23L0001280000,d,A23L0031000000,n
20150101,20160101,A23L0001280000,d,A23L0031100000,n
20150101,20160101,A23L0001280000,d,A23L0031150000,n
20150101,20160101,A23L0001290000,d,A23L0033000000,n
20150101,20160101,A23L0001300000,d,A23L0033100000,n
20150101,20160101,A23L0001300000,d,A23L0033105000,n
20150101,20160101,A23L0001300000,d,A23L0033110000,n
20150101,20160101,A23L0001300000,d,A23L0033115000,n
20150101,20160101,A23L0001300000,d,A23L0033120000,n
20150101,20160101,A23L0001300000,d,A23L0033130000,n
20150101,20160101,A23L0001300000,d,A23L0033135000,n
20150101,20160101,A23L0001300000,d,A23L0033140000,n
20150101,20160101,A23L0001300000,d,A23L0033145000,n
20150101,20160101,A23L0001302000,d,A23L0033150000,n
20150101,20160101,A23L0001303000,d,A23L0033155000,n
20150101,20160101,A23L0001304000,d,A23L0033160000,n
20150101,20160101,A23L0001304000,d,A23L0033165000,n
20150101,20160101,A23L0001305000,d,A23L0033170000,n
20150101,20160101,A23L0001305000,d,A23L0033175000,n
20150101,20160101,A23L0001305000,d,A23L0033180000,n
20150101,20160101,A23L0001305000,d,A23L0033185000,n
20150101,20160101,A23L0001305000,d,A23L0033190000,n
20150101,20160101,A23L0001305000,d,A23L0033195000,n
20150101,20160101,A23L0001307000,d,A23L0033200000,n
20150101,20160101,A23L0001308000,d,A23L0033210000,n
20150101,20160101,A23L0001308000,d,A23L0033220000,n
20150101,20160101,A23L0001308000,d,A23L0033240000,n
20150101,20160101,A23L0001308000,d,A23L0033250000,n
20150101,20160101,A23L0001308000,d,A23L0033260000,n
20150101,20160101,A23L0001308000,d,A23L0033280000,n
20150101,20160101,A23L0001308000,d,A23L0033290000,n
20150101,20160101,A23L0001310000,d,A23L0013000000,n
20150101,20160101,A23L0001311000,d,A23L0013100000,n
20150101,20160101,A23L0001312000,d,A23L0013200000,n
20150101,20160101,A23L0001313000,d,A23L0013300000,n
20150101,20160101,A23L0001314000,d,A23L0013400000,n
20150101,20160101,A23L0001315000,d,A23L0013500000,n
20150101,20160101,A23L0001317000,d,A23L0013600000,n
20150101,20160101,A23L0001318000,d,A23L0013700000,n
20150101,20160101,A23L0001320000,d,A23L0015000000,n
20150101,20160101,A23L0001322000,d,A23L0015100000,n
20150101,20160101,A23L0001325000,d,A23L0017000000,n
20150101,20160101,A23L0001326000,d,A23L0017100000,n
20150101,20160101,A23L0001327000,d,A23L0017200000,n
20150101,20160101,A23L0001328000,d,A23L0017300000,n
20150101,20160101,A23L0001330000,d,A23L0017400000,n
20150101,20160101,A23L0001333000,d,A23L0017500000,n
20150101,20160101,A23L0001337000,d,A23L0017600000,n
20150101,20160101,A23L0001360000,d,A23L0025000000,n
20150101,20160101,A23L0001380000,d,A23L0025100000,n
20150101,20160101,A23L0001390000,d,A23L0023000000,n
20150101,20160101,A23L0001400000,d,A23L0023100000,n
20150101,20160101,A23L0001480000,d,A23L0035000000,n
20150101,20160101,A23P0001000000,d,A23P0010000000,n
20150101,20160101,A23P0001000000,d,A23P0010100000,n
20150101,20160101,A23P0001020000,d,A23P0010200000,n
20150101,20160101,A23P0001020000,d,A23P0010220000,n
20150101,20160101,A23P0001020000,d,A23P0010250000,n
20150101,20160101,A23P0001020000,d,A23P0010280000,n
20150101,20160101,A23P0001040000,d,A23P0010300000,n
20150101,20160101,A23P0001040000,d,A23P0010350000,n
20150101,20160101,A23P0001060000,d,A23P0010400000,n
20150101,20160101,A23P0001060000,d,A23P0010430000,n
20150101,20160101,A23P0001060000,d,A23P0010470000,n
20150101,20160101,A23P0001080000,d,A23P0020000000,n
20150101,20160101,A23P0001080000,d,A23P0020100000,n
20150101,20160101,A23P0001080000,d,A23P0020120000,n
20150101,20160101,A23P0001080000,d,A23P0020130000,n
20150101,20160101,A23P0001080000,d,A23P0020150000,n
20150101,20160101,A23P0001080000,d,A23P0020170000,n
20150101,20160101,A23P0001080000,d,A23P0020180000,n
20150101,20160101,A23P0001080000,d,A23P0020200000,n
20150101,20160101,A23P0001080000,d,A23P0020250000,n
20150101,20160101,A23P0001100000,d,A23P0030000000,n
20150101,20160101,A23P0001100000,d,A23P0030100000,n
20150101,20160101,A23P0001120000,d,A23P0030200000,n
20150101,20160101,A23P0001120000,d,A23P0030250000,n
20150101,20160101,A23P0001140000,d,A23P0030300000,n
20150101,20160101,A23P0001140000,d,A23P0030320000,n
20150101,20160101,A23P0001140000,d,A23P0030340000,n
20150101,20160101,A23P0001140000,d,A23P0030360000,n
20150101,20160101,A23P0001140000,d,A23P0030380000,n
20150101,20160101,A23P0001160000,d,A23P0030400000,n
20150101,20160101,A61B0005117000,c,A61B0005117000,c
20150101,20160101,A61B0005117000,c,A61B0005117100,n
20150101,20160101,A61B0005117000,c,A61B0005117200,n
20150101,20160101,A61B0005117000,c,A61B0005117400,n
20150101,20160101,A61B0005117000,c,A61B0005117800,n
20150101,20160101,A61B0019000000,d,A61B0034000000,n
20150101,20160101,A61B0019000000,d,A61B0034100000,n
20150101,20160101,A61B0019000000,d,A61B0034200000,n
20150101,20160101,A61B0019000000,d,A61B0034300000,n
20150101,20160101,A61B0019000000,d,A61B0034320000,n
20150101,20160101,A61B0019000000,d,A61B0034350000,n
20150101,20160101,A61B0019000000,d,A61B0034370000,n
20150101,20160101,A61B0019000000,d,A61B0090000000,n
20150101,20160101,A61B0019000000,d,A61B0090100000,n
20150101,20160101,A61B0019000000,d,A61B0090110000,n
20150101,20160101,A61B0019000000,d,A61B0090130000,n
20150101,20160101,A61B0019000000,d,A61B0090140000,n
20150101,20160101,A61B0019000000,d,A61B0090160000,n
20150101,20160101,A61B0019000000,d,A61B0090170000,n
20150101,20160101,A61B0019000000,d,A61B0090180000,n
20150101,20160101,A61B0019000000,d,A61B0090200000,n
20150101,20160101,A61B0019000000,d,A61B0090250000,n
20150101,20160101,A61B0019000000,d,A61B0090300000,n
20150101,20160101,A61B0019000000,d,A61B0090350000,n
20150101,20160101,A61B0019000000,d,A61B0090400000,n
20150101,20160101,A61B0019000000,d,A61B0090500000,n
20150101,20160101,A61B0019000000,d,A61B0090530000,n
20150101,20160101,A61B0019000000,d,A61B0090570000,n
20150101,20160101,A61B0019000000,d,A61B0090600000,n
20150101,20160101,A61B0019000000,d,A61B0090700000,n
20150101,20160101,A61B0019000000,d,A61B0090800000,n
20150101,20160101,A61B0019000000,d,A61B0090900000,n
20150101,20160101,A61B0019000000,d,A61B0090920000,n
20150101,20160101,A61B0019000000,d,A61B0090940000,n
20150101,20160101,A61B0019000000,d,A61B0090960000,n
20150101,20160101,A61B0019000000,d,A61B0090980000,n
20150101,20160101,A61B0019020000,d,A61B0050000000,n
20150101,20160101,A61B0019020000,d,A61B0050100000,n
20150101,20160101,A61B0019020000,d,A61B0050130000,n
20150101,20160101,A61B0019020000,d,A61B0050150000,n
20150101,20160101,A61B0019020000,d,A61B0050180000,n
20150101,20160101,A61B0019020000,d,A61B0050200000,n
20150101,20160101,A61B0019020000,d,A61B0050220000,n
20150101,20160101,A61B0019020000,d,A61B0050240000,n
20150101,20160101,A61B0019020000,d,A61B0050260000,n
20150101,20160101,A61B0019020000,d,A61B0050280000,n
20150101,20160101,A61B0019020000,d,A61B0050300000,n
20150101,20160101,A61B0019020000,d,A61B0050310000,n
20150101,20160101,A61B0019020000,d,A61B0050330000,n
20150101,20160101,A61B0019020000,d,A61B0050340000,n
20150101,20160101,A61B0019020000,d,A61B0050360000,n
20150101,20160101,A61B0019020000,d,A61B0050370000,n
20150101,20160101,A61B0019020000,d,A61B0050390000,n
20150101,20160101,A61B0019040000,d,A61B0042000000,n
20150101,20160101,A61B0019040000,d,A61B0042100000,n
20150101,20160101,A61B0019040000,d,A61B0042200000,n
20150101,20160101,A61B0019040000,d,A61B0042300000,n
20150101,20160101,A61B0019040000,d,A61B0042400000,n
20150101,20160101,A61B0019040000,d,A61B0042500000,n
20150101,20160101,A61B0019040000,d,A61B0042600000,n
20150101,20160101,A61B0019080000,d,A61B0046000000,n
20150101,20160101,A61B0019080000,d,A61B0046100000,n
20150101,20160101,A61B0019080000,d,A61B0046130000,n
20150101,20160101,A61B0019080000,d,A61B0046170000,n
20150101,20160101,A61B0019080000,d,A61B0046200000,n
20150101,20160101,A61B0019100000,d,A61B0046230000,n
20150101,20160101,A61B0019120000,d,A61B0046270000,n
20150101,20160101,A63B0067180000,c,A63B0067180000,c
20150101,20160101,A63B0067180000,c,A63B0067183000,n
20150101,20160101,A63B0067180000,c,A63B0067187000,n
20150101,20160101,A63B0067180000,c,A63B0067190000,n
20150101,20160101,A63B0067180000,c,A63B0067193000,n
20150101,20160101,A63B0067180000,c,A63B0067197000,n
20150101,20160101,B60J0010000000,c,B60J0010000000,c
20150101,20160101,B60J0010000000,c,B60J0010150000,n
20150101,20160101,B60J0010000000,c,B60J0010160000,n
20150101,20160101,B60J0010000000,c,B60J0010170000,n
20150101,20160101,B60J0010000000,c,B60J0010180000,n
20150101,20160101,B60J0010000000,c,B60J0010200000,n
20150101,20160101,B60J0010000000,c,B60J0010210000,n
20150101,20160101,B60J0010000000,c,B60J0010220000,n
20150101,20160101,B60J0010000000,c,B60J0010230000,n
20150101,20160101,B60J0010000000,c,B60J0010235000,n
20150101,20160101,B60J0010000000,c,B60J0010240000,n
20150101,20160101,B60J0010000000,c,B60J0010242000,n
20150101,20160101,B60J0010000000,c,B60J0010244000,n
20150101,20160101,B60J0010000000,c,B60J0010246000,n
20150101,20160101,B60J0010000000,c,B60J0010248000,n
20150101,20160101,B60J0010000000,c,B60J0010250000,n
20150101,20160101,B60J0010000000,c,B60J0010260000,n
20150101,20160101,B60J0010000000,c,B60J0010265000,n
20150101,20160101,B60J0010000000,c,B60J0010270000,n
20150101,20160101,B60J0010000000,c,B60J0010273000,n
20150101,20160101,B60J0010000000,c,B60J0010277000,n
20150101,20160101,B60J0010000000,c,B60J0010300000,n
20150101,20160101,B60J0010000000,c,B60J0010320000,n
20150101,20160101,B60J0010000000,c,B60J0010330000,n
20150101,20160101,B60J0010000000,c,B60J0010340000,n
20150101,20160101,B60J0010000000,c,B60J0010350000,n
20150101,20160101,B60J0010000000,c,B60J0010360000,n
20150101,20160101,B60J0010000000,c,B60J0010380000,n
20150101,20160101,B60J0010000000,c,B60J0010400000,n
20150101,20160101,B60J0010000000,c,B60J0010500000,n
20150101,20160101,B60J0010000000,c,B60J0010600000,n
20150101,20160101,B60J0010020000,d,B60J0010700000,n
20150101,20160101,B60J0010020000,d,B60J0010720000,n
20150101,20160101,B60J0010040000,d,B60J0010740000,n
20150101,20160101,B60J0010040000,d,B60J0010750000,n
20150101,20160101,B60J0010040000,d,B60J0010760000,n
20150101,20160101,B60J0010040000,d,B60J0010763000,n
20150101,20160101,B60J0010040000,d,B60J0010767000,n
20150101,20160101,B60J0010040000,d,B60J0010770000,n
20150101,20160101,B60J0010040000,d,B60J0010773000,n
20150101,20160101,B60J0010040000,d,B60J0010777000,n
20150101,20160101,B60J0010040000,d,B60J0010780000,n
20150101,20160101,B60J0010060000,d,B60J0010790000,n
20150101,20160101,B60J0010080000,d,B60J0010800000,n
20150101,20160101,B60J0010080000,d,B60J0010840000,n
20150101,20160101,B60J0010080000,d,B60J0010860000,n
20150101,20160101,B60J0010080000,d,B60J0010880000,n
20150101,20160101,B60J0010100000,d,B60J0010900000,n
20150101,20160101,B60J0010120000,d,B60J0010820000,n
20150101,20160101,B60W0020000000,c,B60W0020000000,c
20150101,20160101,B60W0020000000,c,B60W0020100000,n
20150101,20160101,B60W0020000000,c,B60W0020110000,n
20150101,20160101,B60W0020000000,c,B60W0020120000,n
20150101,20160101,B60W0020000000,c,B60W0020130000,n
20150101,20160101,B60W0020000000,c,B60W0020140000,n
20150101,20160101,B60W0020000000,c,B60W0020150000,n
20150101,20160101,B60W0020000000,c,B60W0020160000,n
20150101,20160101,B60W0020000000,c,B60W0020170000,n
20150101,20160101,B60W0020000000,c,B60W0020180000,n
20150101,20160101,B60W0020000000,c,B60W0020190000,n
20150101,20160101,B60W0020000000,c,B60W0020200000,n
20150101,20160101,B60W0020000000,c,B60W0020300000,n
20150101,20160101,B60W0020000000,c,B60W0020400000,n
20150101,20160101,B60W0020000000,c,B60W0020500000,n
20150101,20160101,C08G0075020000,c,C08G0075020000,c
20150101,20160101,C08G0075020000,c,C08G0075020400,n
20150101,20160101,C08G0075020000,c,C08G0075020900,n
20150101,20160101,C08G0075020000,c,C08G0075021300,n
20150101,20160101,C08G0075020000,c,C08G0075022200,n
20150101,20160101,C08G0075020000,c,C08G0075022700,n
20150101,20160101,C08G0075020000,c,C08G0075023100,n
20150101,20160101,C08G0075020000,c,C08G0075023600,n
20150101,20160101,C08G0075020000,c,C08G0075024000,n
20150101,20160101,C08G0075020000,c,C08G0075024500,n
20150101,20160101,C08G0075020000,c,C08G0075025000,n
20150101,20160101,C08G0075020000,c,C08G0075025400,n
20150101,20160101,C08G0075020000,c,C08G0075025900,n
20150101,20160101,C08G0075020000,c,C08G0075026300,n
20150101,20160101,C08G0075020000,c,C08G0075026800,n
20150101,20160101,C08G0075020000,c,C08G0075027700,n
20150101,20160101,C08G0075020000,c,C08G0075028100,n
20150101,20160101,C08G0075020000,c,C08G0075028600,n
20150101,20160101,C08G0075020000,c,C08G0075029000,n
20150101,20160101,C08G0075020000,c,C08G0075029500,n
20150101,20160101,C08G0075040000,c,C08G0075020400,n
20150101,20160101,C08G0075040000,c,C08G0075040000,c
20150101,20160101,C08G0075040000,c,C08G0075045000,n
20150101,20160101,C08G0075120000,c,C08G0075024500,n
20150101,20160101,C08G0075120000,c,C08G0075120000,c
20150101,20160101,C08G0075200000,c,C08G0075200000,c
20150101,20160101,C08G0075200000,c,C08G0075205000,n
20150101,20160101,C08G0079020000,c,C08G0079020000,c
20150101,20160101,C08G0079020000,c,C08G0079025000,n
20150101,20160101,C23C0004000000,c,C23C0004000000,c
20150101,20160101,C23C0004000000,c,C23C0004010000,n
20150101,20160101,C23C0004060000,c,C23C0004060000,c
20150101,20160101,C23C0004060000,c,C23C0004067000,n
20150101,20160101,C23C0004060000,c,C23C0004073000,n
20150101,20160101,C23C0004080000,c,C23C0004073000,n
20150101,20160101,C23C0004080000,c,C23C0004080000,c
20150101,20160101,C23C0004100000,c,C23C0004100000,c
20150101,20160101,C23C0004100000,c,C23C0004110000,n
20150101,20160101,C23C0004120000,c,C23C0004120000,c
20150101,20160101,C23C0004120000,c,C23C0004123000,n
20150101,20160101,C23C0004120000,c,C23C0004126000,n
20150101,20160101,C23C0004120000,c,C23C0004129000,n
20150101,20160101,C23C0004120000,c,C23C0004131000,n
20150101,20160101,C23C0004120000,c,C23C0004134000,n
20150101,20160101,C23C0004120000,c,C23C0004137000,n
20150101,20160101,C23C0004140000,c,C23C0004123000,n
20150101,20160101,C23C0004140000,c,C23C0004126000,n
20150101,20160101,C23C0004140000,c,C23C0004129000,n
20150101,20160101,C23C0004140000,c,C23C0004131000,n
20150101,20160101,C23C0004140000,c,C23C0004134000,n
20150101,20160101,C23C0004140000,c,C23C0004137000,n
20150101,20160101,C23C0004140000,c,C23C0004140000,c
20150101,20160101,C23C0004160000,c,C23C0004123000,n
20150101,20160101,C23C0004160000,c,C23C0004126000,n
20150101,20160101,C23C0004160000,c,C23C0004129000,n
20150101,20160101,C23C0004160000,c,C23C0004131000,n
20150101,20160101,C23C0004160000,c,C23C0004134000,n
20150101,20160101,C23C0004160000,c,C23C0004137000,n
20150101,20160101,C23C0004160000,c,C23C0004160000,c
20150101,20160101,E01F0009000000,c,E01F0009000000,c
20150101,20160101,E01F0009000000,c,E01F0009200000,n
20150101,20160101,E01F0009000000,c,E01F0009300000,n
20150101,20160101,E01F0009000000,c,E01F0009400000,n
20150101,20160101,E01F0009011000,d,E01F0009600000,n
20150101,20160101,E01F0009011000,d,E01F0009604000,n
20150101,20160101,E01F0009011000,d,E01F0009608000,n
20150101,20160101,E01F0009011000,d,E01F0009612000,n
20150101,20160101,E01F0009011000,d,E01F0009623000,n
20150101,20160101,E01F0009011000,d,E01F0009650000,n
20150101,20160101,E01F0009011000,d,E01F0009658000,n
20150101,20160101,E01F0009011000,d,E01F0009662000,n
20150101,20160101,E01F0009011000,d,E01F0009673000,n
20150101,20160101,E01F0009011000,d,E01F0009681000,n
20150101,20160101,E01F0009011000,d,E01F0009685000,n
20150101,20160101,E01F0009011000,d,E01F0009696000,n
20150101,20160101,E01F0009012000,d,E01F0009654000,n
20150101,20160101,E01F0009012000,d,E01F0009688000,n
20150101,20160101,E01F0009012000,d,E01F0009692000,n
20150101,20160101,E01F0009013000,d,E01F0009677000,n
20150101,20160101,E01F0009014000,d,E01F0009700000,n
20150101,20160101,E01F0009015000,d,E01F0009619000,n
20150101,20160101,E01F0009016000,d,E01F0009615000,n
20150101,20160101,E01F0009017000,d,E01F0009627000,n
20150101,20160101,E01F0009018000,d,E01F0009631000,n
20150101,20160101,E01F0009018000,d,E01F0009635000,n
20150101,20160101,E01F0009018000,d,E01F0009638000,n
20150101,20160101,E01F0009018000,d,E01F0009642000,n
20150101,20160101,E01F0009019000,d,E01F0009646000,n
20150101,20160101,E01F0009030000,d,E01F0009669000,n
20150101,20160101,E01F0009040000,d,E01F0009500000,n
20150101,20160101,E01F0009040000,d,E01F0009506000,n
20150101,20160101,E01F0009040000,d,E01F0009512000,n
20150101,20160101,E01F0009040000,d,E01F0009518000,n
20150101,20160101,E01F0009040000,d,E01F0009524000,n
20150101,20160101,E01F0009047000,d,E01F0009529000,n
20150101,20160101,E01F0009053000,d,E01F0009535000,n
20150101,20160101,E01F0009053000,d,E01F0009541000,n
20150101,20160101,E01F0009053000,d,E01F0009547000,n
20150101,20160101,E01F0009060000,d,E01F0009553000,n
20150101,20160101,E01F0009060000,d,E01F0009559000,n
20150101,20160101,E01F0009070000,d,E01F0009565000,n
20150101,20160101,E01F0009070000,d,E01F0009571000,n
20150101,20160101,E01F0009080000,d,E01F0009576000,n
20150101,20160101,E01F0009080000,d,E01F0009582000,n
20150101,20160101,E01F0009087000,d,E01F0009588000,n
20150101,20160101,E01F0009093000,d,E01F0009594000,n
20150101,20160101,F02M0025060000,c,F02M0025060000,c
20150101,20160101,F02M0025060000,c,F02M0026000000,n
20150101,20160101,F02M0025060000,c,F02M0026010000,n
20150101,20160101,F02M0025060000,c,F02M0026020000,n
20150101,20160101,F02M0025060000,c,F02M0026030000,n
20150101,20160101,F02M0025060000,c,F02M0026040000,n
20150101,20160101,F02M0025060000,c,F02M0026050000,n
20150101,20160101,F02M0025060000,c,F02M0026060000,n
20150101,20160101,F02M0025060000,c,F02M0026070000,n
20150101,20160101,F02M0025060000,c,F02M0026080000,n
20150101,20160101,F02M0025060000,c,F02M0026090000,n
20150101,20160101,F02M0025060000,c,F02M0026100000,n
20150101,20160101,F02M0025060000,c,F02M0026110000,n
20150101,20160101,F02M0025060000,c,F02M0026120000,n
20150101,20160101,F02M0025060000,c,F02M0026130000,n
20150101,20160101,F02M0025060000,c,F02M0026140000,n
20150101,20160101,F02M0025060000,c,F02M0026150000,n
20150101,20160101,F02M0025060000,c,F02M0026160000,n
20150101,20160101,F02M0025060000,c,F02M0026170000,n
20150101,20160101,F02M0025060000,c,F02M0026180000,n
20150101,20160101,F02M0025060000,c,F02M0026190000,n
20150101,20160101,F02M0025060000,c,F02M0026200000,n
20150101,20160101,F02M0025060000,c,F02M0026210000,n
20150101,20160101,F02M0025060000,c,F02M0026220000,n
20150101,20160101,F02M0025060000,c,F02M0026230000,n
20150101,20160101,F02M0025060000,c,F02M0026240000,n
20150101,20160101,F02M0025060000,c,F02M0026250000,n
20150101,20160101,F02M0025060000,c,F02M0026260000,n
20150101,20160101,F02M0025060000,c,F02M0026270000,n
20150101,20160101,F02M0025060000,c,F02M0026280000,n
20150101,20160101,F02M0025060000,c,F02M0026290000,n
20150101,20160101,F02M0025060000,c,F02M0026300000,n
20150101,20160101,F02M0025060000,c,F02M0026310000,n
20150101,20160101,F02M0025060000,c,F02M0026320000,n
20150101,20160101,F02M0025060000,c,F02M0026330000,n
20150101,20160101,F02M0025060000,c,F02M0026340000,n
20150101,20160101,F02M0025060000,c,F02M0026350000,n
20150101,20160101,F02M0025060000,c,F02M0026360000,n
20150101,20160101,F02M0025060000,c,F02M0026370000,n
20150101,20160101,F02M0025060000,c,F02M0026380000,n
20150101,20160101,F02M0025060000,c,F02M0026390000,n
20150101,20160101,F02M0025060000,c,F02M0026400000,n
20150101,20160101,F02M0025060000,c,F02M0026410000,n
20150101,20160101,F02M0025060000,c,F02M0026420000,n
20150101,20160101,F02M0025060000,c,F02M0026430000,n
20150101,20160101,F02M0025060000,c,F02M0026440000,n
20150101,20160101,F02M0025060000,c,F02M0026450000,n
20150101,20160101,F02M0025060000,c,F02M0026460000,n
20150101,20160101,F02M0025060000,c,F02M0026470000,n
20150101,20160101,F02M0025060000,c,F02M0026480000,n
20150101,20160101,F02M0025060000,c,F02M0026490000,n
20150101,20160101,F02M0025060000,c,F02M0026500000,n
20150101,20160101,F02M0025060000,c,F02M0026510000,n
20150101,20160101,F02M0025060000,c,F02M0026520000,n
20150101,20160101,F02M0025060000,c,F02M0026530000,n
20150101,20160101,F02M0025060000,c,F02M0026540000,n
20150101,20160101,F02M0025060000,c,F02M0026550000,n
20150101,20160101,F02M0025060000,c,F02M0026560000,n
20150101,20160101,F02M0025060000,c,F02M0026570000,n
20150101,20160101,F02M0025060000,c,F02M0026580000,n
20150101,20160101,F02M0025060000,c,F02M0026590000,n
20150101,20160101,F02M0025060000,c,F02M0026600000,n
20150101,20160101,F02M0025060000,c,F02M0026610000,n
20150101,20160101,F02M0025060000,c,F02M0026620000,n
20150101,20160101,F02M0025060000,c,F02M0026630000,n
20150101,20160101,F02M0025060000,c,F02M0026640000,n
20150101,20160101,F02M0025060000,c,F02M0026650000,n
20150101,20160101,F02M0025060000,c,F02M0026660000,n
20150101,20160101,F02M0025060000,c,F02M0026670000,n
20150101,20160101,F02M0025060000,c,F02M0026680000,n
20150101,20160101,F02M0025060000,c,F02M0026690000,n
20150101,20160101,F02M0025060000,c,F02M0026700000,n
20150101,20160101,F02M0025060000,c,F02M0026710000,n
20150101,20160101,F02M0025060000,c,F02M0026720000,n
20150101,20160101,F02M0025060000,c,F02M0026730000,n
20150101,20160101,F02M0025060000,c,F02M0026740000,n
20150101,20160101,F02M0025070000,d,F02M0026000000,n
20150101,20160101,F02M0025070000,d,F02M0026010000,n
20150101,20160101,F02M0025070000,d,F02M0026020000,n
20150101,20160101,F02M0025070000,d,F02M0026030000,n
20150101,20160101,F02M0025070000,d,F02M0026040000,n
20150101,20160101,F02M0025070000,d,F02M0026050000,n
20150101,20160101,F02M0025070000,d,F02M0026060000,n
20150101,20160101,F02M0025070000,d,F02M0026070000,n
20150101,20160101,F02M0025070000,d,F02M0026080000,n
20150101,20160101,F02M0025070000,d,F02M0026090000,n
20150101,20160101,F02M0025070000,d,F02M0026100000,n
20150101,20160101,F02M0025070000,d,F02M0026110000,n
20150101,20160101,F02M0025070000,d,F02M0026120000,n
20150101,20160101,F02M0025070000,d,F02M0026130000,n
20150101,20160101,F02M0025070000,d,F02M0026140000,n
20150101,20160101,F02M0025070000,d,F02M0026150000,n
20150101,20160101,F02M0025070000,d,F02M0026160000,n
20150101,20160101,F02M0025070000,d,F02M0026170000,n
20150101,20160101,F02M0025070000,d,F02M0026180000,n
20150101,20160101,F02M0025070000,d,F02M0026190000,n
20150101,20160101,F02M0025070000,d,F02M0026200000,n
20150101,20160101,F02M0025070000,d,F02M0026210000,n
20150101,20160101,F02M0025070000,d,F02M0026220000,n
20150101,20160101,F02M0025070000,d,F02M0026230000,n
20150101,20160101,F02M0025070000,d,F02M0026240000,n
20150101,20160101,F02M0025070000,d,F02M0026250000,n
20150101,20160101,F02M0025070000,d,F02M0026260000,n
20150101,20160101,F02M0025070000,d,F02M0026270000,n
20150101,20160101,F02M0025070000,d,F02M0026280000,n
20150101,20160101,F02M0025070000,d,F02M0026290000,n
20150101,20160101,F02M0025070000,d,F02M0026300000,n
20150101,20160101,F02M0025070000,d,F02M0026310000,n
20150101,20160101,F02M0025070000,d,F02M0026320000,n
20150101,20160101,F02M0025070000,d,F02M0026330000,n
20150101,20160101,F02M0025070000,d,F02M0026340000,n
20150101,20160101,F02M0025070000,d,F02M0026350000,n
20150101,20160101,F02M0025070000,d,F02M0026360000,n
20150101,20160101,F02M0025070000,d,F02M0026370000,n
20150101,20160101,F02M0025070000,d,F02M0026380000,n
20150101,20160101,F02M0025070000,d,F02M0026390000,n
20150101,20160101,F02M0025070000,d,F02M0026400000,n
20150101,20160101,F02M0025070000,d,F02M0026410000,n
20150101,20160101,F02M0025070000,d,F02M0026420000,n
20150101,20160101,F02M0025070000,d,F02M0026430000,n
20150101,20160101,F02M0025070000,d,F02M0026440000,n
20150101,20160101,F02M0025070000,d,F02M0026450000,n
20150101,20160101,F02M0025070000,d,F02M0026460000,n
20150101,20160101,F02M0025070000,d,F02M0026470000,n
20150101,20160101,F02M0025070000,d,F02M0026480000,n
20150101,20160101,F02M0025070000,d,F02M0026490000,n
20150101,20160101,F02M0025070000,d,F02M0026500000,n
20150101,20160101,F02M0025070000,d,F02M0026510000,n
20150101,20160101,F02M0025070000,d,F02M0026520000,n
20150101,20160101,F02M0025070000,d,F02M0026530000,n
20150101,20160101,F02M0025070000,d,F02M0026540000,n
20150101,20160101,F02M0025070000,d,F02M0026550000,n
20150101,20160101,F02M0025070000,d,F02M0026560000,n
20150101,20160101,F02M0025070000,d,F02M0026570000,n
20150101,20160101,F02M0025070000,d,F02M0026580000,n
20150101,20160101,F02M0025070000,d,F02M0026590000,n
20150101,20160101,F02M0025070000,d,F02M0026600000,n
20150101,20160101,F02M0025070000,d,F02M0026610000,n
20150101,20160101,F02M0025070000,d,F02M0026620000,n
20150101,20160101,F02M0025070000,d,F02M0026630000,n
20150101,20160101,F02M0025070000,d,F02M0026640000,n
20150101,20160101,F02M0025070000,d,F02M0026650000,n
20150101,20160101,F02M0025070000,d,F02M0026660000,n
20150101,20160101,F02M0025070000,d,F02M0026670000,n
20150101,20160101,F02M0025070000,d,F02M0026680000,n
20150101,20160101,F02M0025070000,d,F02M0026690000,n
20150101,20160101,F02M0025070000,d,F02M0026700000,n
20150101,20160101,F02M0025070000,d,F02M0026710000,n
20150101,20160101,F02M0025070000,d,F02M0026720000,n
20150101,20160101,F02M0025070000,d,F02M0026730000,n
20150101,20160101,F02M0025070000,d,F02M0026740000,n
20150101,20160101,F03D0009000000,c,F03D0009000000,c
20150101,20160101,F03D0009000000,c,F03D0009100000,n
20150101,20160101,F03D0009000000,c,F03D0009110000,n
20150101,20160101,F03D0009000000,c,F03D0009120000,n
20150101,20160101,F03D0009000000,c,F03D0009130000,n
20150101,20160101,F03D0009000000,c,F03D0009140000,n
20150101,20160101,F03D0009000000,c,F03D0009160000,n
20150101,20160101,F03D0009000000,c,F03D0009170000,n
20150101,20160101,F03D0009000000,c,F03D0009180000,n
20150101,20160101,F03D0009000000,c,F03D0009190000,n
20150101,20160101,F03D0009000000,c,F03D0009200000,n
20150101,20160101,F03D0009000000,c,F03D0009220000,n
20150101,20160101,F03D0009000000,c,F03D0009250000,n
20150101,20160101,F03D0009000000,c,F03D0009280000,n
20150101,20160101,F03D0009000000,c,F03D0009300000,n
20150101,20160101,F03D0009000000,c,F03D0009320000,n
20150101,20160101,F03D0009000000,c,F03D0009340000,n
20150101,20160101,F03D0009000000,c,F03D0009350000,n
20150101,20160101,F03D0009000000,c,F03D0009370000,n
20150101,20160101,F03D0009000000,c,F03D0009390000,n
20150101,20160101,F03D0009000000,c,F03D0009410000,n
20150101,20160101,F03D0009000000,c,F03D0009430000,n
20150101,20160101,F03D0009000000,c,F03D0009450000,n
20150101,20160101,F03D0009000000,c,F03D0009460000,n
20150101,20160101,F03D0009000000,c,F03D0009480000,n
20150101,20160101,F03D0009020000,d,F03D0009100000,n
20150101,20160101,F03D0009020000,d,F03D0009110000,n
20150101,20160101,F03D0009020000,d,F03D0009120000,n
20150101,20160101,F03D0009020000,d,F03D0009130000,n
20150101,20160101,F03D0009020000,d,F03D0009140000,n
20150101,20160101,F03D0009020000,d,F03D0009160000,n
20150101,20160101,F03D0009020000,d,F03D0009170000,n
20150101,20160101,F03D0009020000,d,F03D0009180000,n
20150101,20160101,F03D0009020000,d,F03D0009190000,n
20150101,20160101,F03D0011000000,d,F03D0013000000,n
20150101,20160101,F03D0011000000,d,F03D0013100000,n
20150101,20160101,F03D0011000000,d,F03D0013300000,n
20150101,20160101,F03D0011000000,d,F03D0013350000,n
20150101,20160101,F03D0011000000,d,F03D0013400000,n
20150101,20160101,F03D0011000000,d,F03D0017000000,n
20150101,20160101,F03D0011000000,d,F03D0080000000,n
20150101,20160101,F03D0011000000,d,F03D0080100000,n
20150101,20160101,F03D0011000000,d,F03D0080200000,n
20150101,20160101,F03D0011000000,d,F03D0080300000,n
20150101,20160101,F03D0011000000,d,F03D0080400000,n
20150101,20160101,F03D0011000000,d,F03D0080500000,n
20150101,20160101,F03D0011000000,d,F03D0080550000,n
20150101,20160101,F03D0011000000,d,F03D0080600000,n
20150101,20160101,F03D0011000000,d,F03D0080700000,n
20150101,20160101,F03D0011000000,d,F03D0080800000,n
20150101,20160101,F03D0011020000,d,F03D0015000000,n
20150101,20160101,F03D0011020000,d,F03D0015100000,n
20150101,20160101,F03D0011020000,d,F03D0015200000,n
20150101,20160101,F03D0011040000,d,F03D0013200000,n
20150101,20160101,F03D0011040000,d,F03D0013250000,n
20150101,20160101,F16J0015320000,c,F16J0015320000,c
20150101,20160101,F16J0015320000,c,F16J0015320400,n
20150101,20160101,F16J0015320000,c,F16J0015320800,n
20150101,20160101,F16J0015320000,c,F16J0015321200,n
20150101,20160101,F16J0015320000,c,F16J0015321600,n
20150101,20160101,F16J0015320000,c,F16J0015322000,n
20150101,20160101,F16J0015320000,c,F16J0015322400,n
20150101,20160101,F16J0015320000,c,F16J0015322800,n
20150101,20160101,F16J0015320000,c,F16J0015323200,n
20150101,20160101,F16J0015320000,c,F16J0015323600,n
20150101,20160101,F16J0015320000,c,F16J0015324000,n
20150101,20160101,F16J0015320000,c,F16J0015324400,n
20150101,20160101,F16J0015320000,c,F16J0015324800,n
20150101,20160101,F16J0015320000,c,F16J0015325200,n
20150101,20160101,F16J0015320000,c,F16J0015325600,n
20150101,20160101,F16J0015320000,c,F16J0015326000,n
20150101,20160101,F16J0015320000,c,F16J0015326400,n
20150101,20160101,F16J0015320000,c,F16J0015326800,n
20150101,20160101,F16J0015320000,c,F16J0015327200,n
20150101,20160101,F16J0015320000,c,F16J0015327600,n
20150101,20160101,F16J0015320000,c,F16J0015328000,n
20150101,20160101,F16J0015320000,c,F16J0015328400,n
20150101,20160101,F16J0015320000,c,F16J0015328800,n
20150101,20160101,F16J0015320000,c,F16J0015329200,n
20150101,20160101,F16J0015320000,c,F16J0015329600,n
20150101,20160101,F21K0099000000,c,F21K0009000000,n
20150101,20160101,F21K0099000000,c,F21K0009200000,n
20150101,20160101,F21K0099000000,c,F21K0009230000,n
20150101,20160101,F21K0099000000,c,F21K0009232000,n
20150101,20160101,F21K0099000000,c,F21K0009233000,n
20150101,20160101,F21K0099000000,c,F21K0009235000,n
20150101,20160101,F21K0099000000,c,F21K0009237000,n
20150101,20160101,F21K0099000000,c,F21K0009238000,n
20150101,20160101,F21K0099000000,c,F21K0009270000,n
20150101,20160101,F21K0099000000,c,F21K0009272000,n
20150101,20160101,F21K0099000000,c,F21K0009275000,n
20150101,20160101,F21K0099000000,c,F21K0009278000,n
20150101,20160101,F21K0099000000,c,F21K0009600000,n
20150101,20160101,F21K0099000000,c,F21K0009610000,n
20150101,20160101,F21K0099000000,c,F21K0009620000,n
20150101,20160101,F21K0099000000,c,F21K0009640000,n
20150101,20160101,F21K0099000000,c,F21K0009650000,n
20150101,20160101,F21K0099000000,c,F21K0009660000,n
20150101,20160101,F21K0099000000,c,F21K0009680000,n
20150101,20160101,F21K0099000000,c,F21K0009690000,n
20150101,20160101,F21K0099000000,c,F21K0009900000,n
20150101,20160101,F21K0099000000,c,F21K0099000000,c
20150101,20160101,F21S0002000000,c,F21K0009000000,n
20150101,20160101,F21S0002000000,c,F21K0009200000,n
20150101,20160101,F21S0002000000,c,F21K0009230000,n
20150101,20160101,F21S0002000000,c,F21K0009232000,n
20150101,20160101,F21S0002000000,c,F21K0009233000,n
20150101,20160101,F21S0002000000,c,F21K0009235000,n
20150101,20160101,F21S0002000000,c,F21K0009237000,n
20150101,20160101,F21S0002000000,c,F21K0009238000,n
20150101,20160101,F21S0002000000,c,F21K0009270000,n
20150101,20160101,F21S0002000000,c,F21K0009272000,n
20150101,20160101,F21S0002000000,c,F21K0009275000,n
20150101,20160101,F21S0002000000,c,F21K0009278000,n
20150101,20160101,F21S0002000000,c,F21K0009600000,n
20150101,20160101,F21S0002000000,c,F21K0009610000,n
20150101,20160101,F21S0002000000,c,F21K0009620000,n
20150101,20160101,F21S0002000000,c,F21K0009640000,n
20150101,20160101,F21S0002000000,c,F21K0009650000,n
20150101,20160101,F21S0002000000,c,F21K0009660000,n
20150101,20160101,F21S0002000000,c,F21K0009680000,n
20150101,20160101,F21S0002000000,c,F21K0009690000,n
20150101,20160101,F21S0002000000,c,F21K0009900000,n
20150101,20160101,F21S0002000000,c,F21S0002000000,c
20150101,20160101,F21S0004000000,c,F21S0004000000,c
20150101,20160101,F21S0004000000,c,F21S0004100000,n
20150101,20160101,F21S0004000000,c,F21S0004150000,n
20150101,20160101,F21S0004000000,c,F21S0004200000,n
20150101,20160101,F21S0004000000,c,F21S0004220000,n
20150101,20160101,F21S0004000000,c,F21S0004240000,n
20150101,20160101,F21S0004000000,c,F21S0004260000,n
20150101,20160101,F21S0004000000,c,F21S0004280000,n
20150101,20160101,F21Y0101000000,c,F21Y0101000000,c
20150101,20160101,F21Y0101020000,d,F21Y0101000000,c
20150101,20160101,F21Y0101020000,d,F21Y0115100000,n
20150101,20160101,F21Y0101020000,d,F21Y0115300000,n
20150101,20160101,F21Y0103000000,c,F21Y0103000000,c
20150101,20160101,F21Y0103000000,c,F21Y0103100000,n
20150101,20160101,F21Y0103000000,c,F21Y0103200000,n
20150101,20160101,F21Y0103000000,c,F21Y0103300000,n
20150101,20160101,F21Y0103000000,c,F21Y0103330000,n
20150101,20160101,F21Y0103000000,c,F21Y0103370000,n
20150101,20160101,F21Y0103020000,d,F21Y0103300000,n
20150101,20160101,F21Y0103020000,d,F21Y0103330000,n
20150101,20160101,F21Y0103025000,d,F21Y0103370000,n
20150101,20160101,F21Y0105000000,c,F21Y0105000000,c
20150101,20160101,F21Y0105000000,c,F21Y0105100000,n
20150101,20160101,F21Y0105000000,c,F21Y0105120000,n
20150101,20160101,F21Y0105000000,c,F21Y0105140000,n
20150101,20160101,F21Y0105000000,c,F21Y0105160000,n
20150101,20160101,F21Y0105000000,c,F21Y0105180000,n
20150101,20160101,F21Y0111000000,c,F21Y0107000000,n
20150101,20160101,F21Y0111000000,c,F21Y0107100000,n
20150101,20160101,F21Y0111000000,c,F21Y0107200000,n
20150101,20160101,F21Y0111000000,c,F21Y0107300000,n
20150101,20160101,F21Y0111000000,c,F21Y0107400000,n
20150101,20160101,F21Y0111000000,c,F21Y0107500000,n
20150101,20160101,F21Y0111000000,c,F21Y0107600000,n
20150101,20160101,F21Y0111000000,c,F21Y0107700000,n
20150101,20160101,F21Y0111000000,c,F21Y0107800000,n
20150101,20160101,F21Y0111000000,c,F21Y0107900000,n
20150101,20160101,F21Y0111000000,c,F21Y0109000000,n
20150101,20160101,F21Y0111000000,c,F21Y0111000000,c
20150101,20160101,F21Y0113000000,c,F21Y0113000000,c
20150101,20160101,F21Y0113000000,c,F21Y0113100000,n
20150101,20160101,F21Y0113000000,c,F21Y0113130000,n
20150101,20160101,F21Y0113000000,c,F21Y0113170000,n
20150101,20160101,F21Y0113000000,c,F21Y0113200000,n
20150101,20160101,F21Y0113020000,d,F21Y0113200000,n
20150101,20160101,G06F0012080000,c,G06F0012080000,c
20150101,20160101,G06F0012080000,c,G06F0012080200,n
20150101,20160101,G06F0012080000,c,G06F0012080400,n
20150101,20160101,G06F0012080000,c,G06F0012080600,n
20150101,20160101,G06F0012080000,c,G06F0012080800,n
20150101,20160101,G06F0012080000,c,G06F0012081100,n
20150101,20160101,G06F0012080000,c,G06F0012081300,n
20150101,20160101,G06F0012080000,c,G06F0012081500,n
20150101,20160101,G06F0012080000,c,G06F0012081700,n
20150101,20160101,G06F0012080000,c,G06F0012083100,n
20150101,20160101,G06F0012080000,c,G06F0012083700,n
20150101,20160101,G06F0012080000,c,G06F0012084000,n
20150101,20160101,G06F0012080000,c,G06F0012084200,n
20150101,20160101,G06F0012080000,c,G06F0012084400,n
20150101,20160101,G06F0012080000,c,G06F0012084600,n
20150101,20160101,G06F0012080000,c,G06F0012085300,n
20150101,20160101,G06F0012080000,c,G06F0012085500,n
20150101,20160101,G06F0012080000,c,G06F0012086200,n
20150101,20160101,G06F0012080000,c,G06F0012086400,n
20150101,20160101,G06F0012080000,c,G06F0012086600,n
20150101,20160101,G06F0012080000,c,G06F0012086800,n
20150101,20160101,G06F0012080000,c,G06F0012087100,n
20150101,20160101,G06F0012080000,c,G06F0012087300,n
20150101,20160101,G06F0012080000,c,G06F0012087500,n
20150101,20160101,G06F0012080000,c,G06F0012087700,n
20150101,20160101,G06F0012080000,c,G06F0012087900,n
20150101,20160101,G06F0012080000,c,G06F0012088200,n
20150101,20160101,G06F0012080000,c,G06F0012088400,n
20150101,20160101,G06F0012080000,c,G06F0012088600,n
20150101,20160101,G06F0012080000,c,G06F0012088800,n
20150101,20160101,G06F0012080000,c,G06F0012089100,n
20150101,20160101,G06F0012080000,c,G06F0012089300,n
20150101,20160101,G06F0012080000,c,G06F0012089500,n
20150101,20160101,G06F0012080000,c,G06F0012089700,n
20150101,20160101,G06F0012100000,c,G06F0012100000,c
20150101,20160101,G06F0012100000,c,G06F0012100900,n
20150101,20160101,G06F0012100000,c,G06F0012101800,n
20150101,20160101,G06F0012100000,c,G06F0012102700,n
20150101,20160101,G06F0012100000,c,G06F0012103600,n
20150101,20160101,G06F0012100000,c,G06F0012104500,n
20150101,20160101,G06F0012100000,c,G06F0012107200,n
20150101,20160101,G06F0012100000,c,G06F0012108100,n
20150101,20160101,G06F0012100000,c,G06F0012109000,n
20150101,20160101,G06F0012120000,c,G06F0012120000,c
20150101,20160101,G06F0012120000,c,G06F0012121000,n
20150101,20160101,G06F0012120000,c,G06F0012122000,n
20150101,20160101,G06F0012120000,c,G06F0012123000,n
20150101,20160101,G06F0012120000,c,G06F0012126000,n
20150101,20160101,G06F0012120000,c,G06F0012127000,n
20150101,20160101,G06F0012120000,c,G06F0012128000,n
20150101,20160101,G07D0007000000,c,G07D0007000000,c
20150101,20160101,G07D0007000000,c,G07D0007004000,n
20150101,20160101,G07D0007000000,c,G07D0007004300,n
20150101,20160101,G07D0007000000,c,G07D0007004700,n
20150101,20160101,G07D0007000000,c,G07D0007005000,n
20150101,20160101,G07D0007000000,c,G07D0007010000,n
20150101,20160101,G07D0007000000,c,G07D0007150000,n
20150101,20160101,G07D0007000000,c,G07D0007170000,n
20150101,20160101,G07D0007000000,c,G07D0007181000,n
20150101,20160101,G07D0007000000,c,G07D0007183000,n
20150101,20160101,G07D0007000000,c,G07D0007185000,n
20150101,20160101,G07D0007000000,c,G07D0007187000,n
20150101,20160101,G07D0007000000,c,G07D0007189000,n
20150101,20160101,G07D0007020000,c,G07D0007010000,n
20150101,20160101,G07D0007020000,c,G07D0007020000,c
20150101,20160101,G07D0007020000,c,G07D0007023000,n
20150101,20160101,G07D0007020000,c,G07D0007026000,n
20150101,20160101,G07D0007040000,c,G07D0007010000,n
20150101,20160101,G07D0007040000,c,G07D0007040000,c
20150101,20160101,G07D0007120000,c,G07D0007120000,c
20150101,20160101,G07D0007120000,c,G07D0007120500,n
20150101,20160101,G07D0007120000,c,G07D0007121000,n
20150101,20160101,G07D0007120000,c,G07D0007128000,n
20150101,20160101,G07D0007160000,c,G07D0007160000,c
20150101,20160101,G07D0007160000,c,G07D0007162000,n
20150101,20160101,G07D0007160000,c,G07D0007164000,n
20150101,20160101,G07D0007180000,d,G07D0007182000,n
20150101,20160101,G07D0007200000,c,G07D0007004000,n
20150101,20160101,G07D0007200000,c,G07D0007005000,n
20150101,20160101,G07D0007200000,c,G07D0007200000,c
20150101,20160101,G07D0007200000,c,G07D0007202000,n
20150101,20160101,G07D0007200000,c,G07D0007203300,n
20150101,20160101,G07D0007200000,c,G07D0007206000,n
20150101,20160101,G07D0007200000,c,G07D0007207000,n
20150101,20160101,G09G0003320000,c,G09G0003320000,c
20150101,20160101,G09G0003320000,c,G09G0003320800,n
20150101,20160101,G09G0003320000,c,G09G0003321600,n
20150101,20160101,G09G0003320000,c,G09G0003322500,n
20150101,20160101,G09G0003320000,c,G09G0003323300,n
20150101,20160101,G09G0003320000,c,G09G0003324100,n
20150101,20160101,G09G0003320000,c,G09G0003325000,n
20150101,20160101,G09G0003320000,c,G09G0003325800,n
20150101,20160101,G09G0003320000,c,G09G0003326600,n
20150101,20160101,G09G0003320000,c,G09G0003327500,n
20150101,20160101,G09G0003320000,c,G09G0003328300,n
20150101,20160101,G09G0003320000,c,G09G0003329100,n
20150101,20160101,H01F0041060000,c,H01F0041060000,c
20150101,20160101,H01F0041060000,c,H01F0041061000,n
20150101,20160101,H01F0041060000,c,H01F0041063000,n
20150101,20160101,H01F0041060000,c,H01F0041064000,n
20150101,20160101,H01F0041060000,c,H01F0041066000,n
20150101,20160101,H01F0041060000,c,H01F0041068000,n
20150101,20160101,H01F0041060000,c,H01F0041069000,n
20150101,20160101,H01F0041060000,c,H01F0041070000,n
20150101,20160101,H01F0041060000,c,H01F0041071000,n
20150101,20160101,H01F0041060000,c,H01F0041073000,n
20150101,20160101,H01F0041060000,c,H01F0041074000,n
20150101,20160101,H01F0041060000,c,H01F0041076000,n
20150101,20160101,H01F0041060000,c,H01F0041077000,n
20150101,20160101,H01F0041060000,c,H01F0041079000,n
20150101,20160101,H01F0041060000,c,H01F0041082000,n
20150101,20160101,H01F0041060000,c,H01F0041084000,n
20150101,20160101,H01F0041060000,c,H01F0041086000,n
20150101,20160101,H01F0041060000,c,H01F0041088000,n
20150101,20160101,H01F0041060000,c,H01F0041090000,n
20150101,20160101,H01F0041060000,c,H01F0041092000,n
20150101,20160101,H01F0041060000,c,H01F0041094000,n
20150101,20160101,H01F0041060000,c,H01F0041096000,n
20150101,20160101,H01F0041060000,c,H01F0041098000,n
20150101,20160101,H01M0008000000,c,H01M0008000000,c
20150101,20160101,H01M0008000000,c,H01M0008008000,n
20150101,20160101,H01M0008020000,c,H01M0008020000,c
20150101,20160101,H01M0008020000,c,H01M0008020200,n
20150101,20160101,H01M0008020000,c,H01M0008020400,n
20150101,20160101,H01M0008020000,c,H01M0008020600,n
20150101,20160101,H01M0008020000,c,H01M0008020800,n
20150101,20160101,H01M0008020000,c,H01M0008021000,n
20150101,20160101,H01M0008020000,c,H01M0008021300,n
20150101,20160101,H01M0008020000,c,H01M0008021500,n
20150101,20160101,H01M0008020000,c,H01M0008021700,n
20150101,20160101,H01M0008020000,c,H01M0008022100,n
20150101,20160101,H01M0008020000,c,H01M0008022300,n
20150101,20160101,H01M0008020000,c,H01M0008022600,n
20150101,20160101,H01M0008020000,c,H01M0008022800,n
20150101,20160101,H01M0008020000,c,H01M0008023000,n
20150101,20160101,H01M0008020000,c,H01M0008023200,n
20150101,20160101,H01M0008020000,c,H01M0008023400,n
20150101,20160101,H01M0008020000,c,H01M0008023600,n
20150101,20160101,H01M0008020000,c,H01M0008023900,n
20150101,20160101,H01M0008020000,c,H01M0008024100,n
20150101,20160101,H01M0008020000,c,H01M0008024300,n
20150101,20160101,H01M0008020000,c,H01M0008024500,n
20150101,20160101,H01M0008020000,c,H01M0008024700,n
20150101,20160101,H01M0008020000,c,H01M0008025000,n
20150101,20160101,H01M0008020000,c,H01M0008025200,n
20150101,20160101,H01M0008020000,c,H01M0008025400,n
20150101,20160101,H01M0008020000,c,H01M0008025600,n
20150101,20160101,H01M0008020000,c,H01M0008025800,n
20150101,20160101,H01M0008020000,c,H01M0008026000,n
20150101,20160101,H01M0008020000,c,H01M0008026300,n
20150101,20160101,H01M0008020000,c,H01M0008026500,n
20150101,20160101,H01M0008020000,c,H01M0008026700,n
20150101,20160101,H01M0008020000,c,H01M0008027100,n
20150101,20160101,H01M0008020000,c,H01M0008027300,n
20150101,20160101,H01M0008020000,c,H01M0008027600,n
20150101,20160101,H01M0008020000,c,H01M0008028000,n
20150101,20160101,H01M0008020000,c,H01M0008028200,n
20150101,20160101,H01M0008020000,c,H01M0008028400,n
20150101,20160101,H01M0008020000,c,H01M0008028600,n
20150101,20160101,H01M0008020000,c,H01M0008028900,n
20150101,20160101,H01M0008020000,c,H01M0008029300,n
20150101,20160101,H01M0008020000,c,H01M0008029500,n
20150101,20160101,H01M0008020000,c,H01M0008029700,n
20150101,20160101,H01M0008040000,c,H01M0008040000,c
20150101,20160101,H01M0008040000,c,H01M0008040070,n
20150101,20160101,H01M0008040000,c,H01M0008040140,n
20150101,20160101,H01M0008040000,c,H01M0008040290,n
20150101,20160101,H01M0008040000,c,H01M0008040440,n
20150101,20160101,H01M0008040000,c,H01M0008040820,n
20150101,20160101,H01M0008040000,c,H01M0008040890,n
20150101,20160101,H01M0008040000,c,H01M0008041110,n
20150101,20160101,H01M0008040000,c,H01M0008041190,n
20150101,20160101,H01M0008040000,c,H01M0008041860,n
20150101,20160101,H01M0008040000,c,H01M0008042230,n
20150101,20160101,H01M0008040000,c,H01M0008042250,n
20150101,20160101,H01M0008040000,c,H01M0008042280,n
20150101,20160101,H01M0008040000,c,H01M0008042760,n
20150101,20160101,H01M0008040000,c,H01M0008042910,n
20150101,20160101,H01M0008040000,c,H01M0008042980,n
20150101,20160101,H01M0008040000,c,H01M0008043000,n
20150101,20160101,H01M0008040000,c,H01M0008043020,n
20150101,20160101,H01M0008040000,c,H01M0008043030,n
20150101,20160101,H01M0008040000,c,H01M0008043130,n
20150101,20160101,H01M0008040000,c,H01M0008043200,n
20150101,20160101,H01M0008040000,c,H01M0008043800,n
20150101,20160101,H01M0008040000,c,H01M0008044400,n
20150101,20160101,H01M0008040000,c,H01M0008044920,n
20150101,20160101,H01M0008040000,c,H01M0008045370,n
20150101,20160101,H01M0008040000,c,H01M0008046640,n
20150101,20160101,H01M0008040000,c,H01M0008046940,n
20150101,20160101,H01M0008040000,c,H01M0008047010,n
20150101,20160101,H01M0008040000,c,H01M0008047460,n
20150101,20160101,H01M0008040000,c,H01M0008047910,n
20150101,20160101,H01M0008040000,c,H01M0008048280,n
20150101,20160101,H01M0008040000,c,H01M0008048580,n
20150101,20160101,H01M0008040000,c,H01M0008049550,n
20150101,20160101,H01M0008040000,c,H01M0008049920,n
20150101,20160101,H01M0008060000,c,H01M0008060000,c
20150101,20160101,H01M0008060000,c,H01M0008060600,n
20150101,20160101,H01M0008060000,c,H01M0008061200,n
20150101,20160101,H01M0008060000,c,H01M0008063700,n
20150101,20160101,H01M0008060000,c,H01M0008065000,n
20150101,20160101,H01M0008060000,c,H01M0008065600,n
20150101,20160101,H01M0008060000,c,H01M0008066200,n
20150101,20160101,H01M0008060000,c,H01M0008066800,n
20150101,20160101,H01M0008080000,c,H01M0008080000,c
20150101,20160101,H01M0008080000,c,H01M0008083000,n
20150101,20160101,H01M0008080000,c,H01M0008086000,n
20150101,20160101,H01M0008100000,c,H01M0008100000,c
20150101,20160101,H01M0008100000,c,H01M0008100400,n
20150101,20160101,H01M0008100000,c,H01M0008100600,n
20150101,20160101,H01M0008100000,c,H01M0008100700,n
20150101,20160101,H01M0008100000,c,H01M0008100900,n
20150101,20160101,H01M0008100000,c,H01M0008101100,n
20150101,20160101,H01M0008100000,c,H01M0008101600,n
20150101,20160101,H01M0008100000,c,H01M0008101800,n
20150101,20160101,H01M0008100000,c,H01M0008102000,n
20150101,20160101,H01M0008100000,c,H01M0008102300,n
20150101,20160101,H01M0008100000,c,H01M0008102500,n
20150101,20160101,H01M0008100000,c,H01M0008102700,n
20150101,20160101,H01M0008100000,c,H01M0008103000,n
20150101,20160101,H01M0008100000,c,H01M0008103200,n
20150101,20160101,H01M0008100000,c,H01M0008103400,n
20150101,20160101,H01M0008100000,c,H01M0008103700,n
20150101,20160101,H01M0008100000,c,H01M0008103900,n
20150101,20160101,H01M0008100000,c,H01M0008104100,n
20150101,20160101,H01M0008100000,c,H01M0008104400,n
20150101,20160101,H01M0008100000,c,H01M0008104600,n
20150101,20160101,H01M0008100000,c,H01M0008104800,n
20150101,20160101,H01M0008100000,c,H01M0008105100,n
20150101,20160101,H01M0008100000,c,H01M0008105300,n
20150101,20160101,H01M0008100000,c,H01M0008105800,n
20150101,20160101,H01M0008100000,c,H01M0008106000,n
20150101,20160101,H01M0008100000,c,H01M0008106200,n
20150101,20160101,H01M0008100000,c,H01M0008106500,n
20150101,20160101,H01M0008100000,c,H01M0008106700,n
20150101,20160101,H01M0008100000,c,H01M0008106900,n
20150101,20160101,H01M0008100000,c,H01M0008107200,n
20150101,20160101,H01M0008100000,c,H01M0008108100,n
20150101,20160101,H01M0008100000,c,H01M0008108600,n
20150101,20160101,H01M0008100000,c,H01M0008108800,n
20150101,20160101,H01M0008100000,c,H01M0008109700,n
20150101,20160101,H01M0008120000,c,H01M0008120000,c
20150101,20160101,H01M0008120000,c,H01M0008121300,n
20150101,20160101,H01M0008120000,c,H01M0008122000,n
20150101,20160101,H01M0008120000,c,H01M0008122600,n
20150101,20160101,H01M0008120000,c,H01M0008123100,n
20150101,20160101,H01M0008120000,c,H01M0008123300,n
20150101,20160101,H01M0008120000,c,H01M0008124000,n
20150101,20160101,H01M0008120000,c,H01M0008124600,n
20150101,20160101,H01M0008120000,c,H01M0008125300,n
20150101,20160101,H01M0008120000,c,H01M0008126000,n
20150101,20160101,H01M0008120000,c,H01M0008128600,n
20150101,20160101,H01M0008240000,c,H01M0008240000,c
20150101,20160101,H01M0008240000,c,H01M0008240400,n
20150101,20160101,H01M0008240000,c,H01M0008241000,n
20150101,20160101,H01M0008240000,c,H01M0008241800,n
20150101,20160101,H01M0008240000,c,H01M0008242000,n
20150101,20160101,H01M0008240000,c,H01M0008242500,n
20150101,20160101,H01M0008240000,c,H01M0008242800,n
20150101,20160101,H01M0008240000,c,H01M0008243000,n
20150101,20160101,H01M0008240000,c,H01M0008243200,n
20150101,20160101,H01M0008240000,c,H01M0008243500,n
20150101,20160101,H01M0008240000,c,H01M0008244000,n
20150101,20160101,H01M0008240000,c,H01M0008245500,n
20150101,20160101,H01M0008240000,c,H01M0008245700,n
20150101,20160101,H01M0008240000,c,H01M0008246500,n
20150101,20160101,H01M0008240000,c,H01M0008247000,n
20150101,20160101,H01M0008240000,c,H01M0008247500,n
20150101,20160101,H01M0008240000,c,H01M0008248000,n
20150101,20160101,H01M0008240000,c,H01M0008248300,n
20150101,20160101,H01M0008240000,c,H01M0008248400,n
20150101,20160101,H01M0008240000,c,H01M0008248500,n
20150101,20160101,H01M0008240000,c,H01M0008249000,n
20150101,20160101,H01M0008240000,c,H01M0008249500,n
20150101,20160101,H02J0005000000,c,H02J0005000000,c
20150101,20160101,H02J0005000000,c,H02J0050100000,n
20150101,20160101,H02J0005000000,c,H02J0050120000,n
20150101,20160101,H02J0005000000,c,H02J0050400000,n
20150101,20160101,H02J0005000000,c,H02J0050500000,n
20150101,20160101,H02J0005000000,c,H02J0050600000,n
20150101,20160101,H02J0005000000,c,H02J0050700000,n
20150101,20160101,H02J0005000000,c,H02J0050800000,n
20150101,20160101,H02J0005000000,c,H02J0050900000,n
20150101,20160101,H02J0007020000,c,H02J0007020000,c
20150101,20160101,H02J0007020000,c,H02J0050100000,n
20150101,20160101,H02J0007020000,c,H02J0050120000,n
20150101,20160101,H02J0007020000,c,H02J0050400000,n
20150101,20160101,H02J0007020000,c,H02J0050500000,n
20150101,20160101,H02J0007020000,c,H02J0050600000,n
20150101,20160101,H02J0007020000,c,H02J0050700000,n
20150101,20160101,H02J0007020000,c,H02J0050800000,n
20150101,20160101,H02J0007020000,c,H02J0050900000,n
20150101,20160101,H02J0017000000,d,H02J0050000000,n
20150101,20160101,H02J0017000000,d,H02J0050050000,n
20150101,20160101,H02J0017000000,d,H02J0050100000,n
20150101,20160101,H02J0017000000,d,H02J0050120000,n
20150101,20160101,H02J0017000000,d,H02J0050150000,n
20150101,20160101,H02J0017000000,d,H02J0050200000,n
20150101,20160101,H02J0017000000,d,H02J0050230000,n
20150101,20160101,H02J0017000000,d,H02J0050270000,n
20150101,20160101,H02J0017000000,d,H02J0050300000,n
20150101,20160101,H02J0017000000,d,H02J0050400000,n
20150101,20160101,H02J0017000000,d,H02J0050500000,n
20150101,20160101,H02J0017000000,d,H02J0050600000,n
20150101,20160101,H02J0017000000,d,H02J0050700000,n
20150101,20160101,H02J0017000000,d,H02J0050800000,n
20150101,20160101,H02J0017000000,d,H02J0050900000,n
20150101,20160101,H02K0011000000,c,H02K0011000000,c
20150101,20160101,H02K0011000000,c,H02K0011010000,n
20150101,20160101,H02K0011000000,c,H02K0011200000,n
20150101,20160101,H02K0011000000,c,H02K0011210000,n
20150101,20160101,H02K0011000000,c,H02K0011215000,n
20150101,20160101,H02K0011000000,c,H02K0011220000,n
20150101,20160101,H02K0011000000,c,H02K0011225000,n
20150101,20160101,H02K0011000000,c,H02K0011230000,n
20150101,20160101,H02K0011000000,c,H02K0011240000,n
20150101,20160101,H02K0011000000,c,H02K0011250000,n
20150101,20160101,H02K0011000000,c,H02K0011260000,n
20150101,20160101,H02K0011000000,c,H02K0011270000,n
20150101,20160101,H02K0011000000,c,H02K0011280000,n
20150101,20160101,H02K0011000000,c,H02K0011300000,n
20150101,20160101,H02K0011000000,c,H02K0011330000,n
20150101,20160101,H02K0011000000,c,H02K0011350000,n
20150101,20160101,H02K0011000000,c,H02K0011380000,n
20150101,20160101,H02K0011000000,c,H02K0011400000,n
20150101,20160101,H02K0011020000,c,H02K0011020000,c
20150101,20160101,H02K0011020000,c,H02K0011026000,n
20150101,20160101,H02K0011020000,c,H02K0011028000,n
20150101,20160101,H02K0011040000,c,H02K0011040000,c
20150101,20160101,H02K0011040000,c,H02K0011042000,n
20150101,20160101,H02K0011040000,c,H02K0011049000,n
20150101,20160101,H02K0011040000,c,H02K0011050000,n
20150101,20160101,H02P0005000000,c,H02P0005000000,c
20150101,20160101,H02P0005000000,c,H02P0006040000,c
20150101,20160101,H02P0005000000,c,H02P0008400000,t
20150101,20160101,H02P0005480000,c,H02P0005480000,c
20150101,20160101,H02P0005480000,c,H02P0005485000,n
20150101,20160101,H02P0005480000,c,H02P0005490000,n
20150101,20160101,H02P0005500000,c,H02P0005500000,c
20150101,20160101,H02P0005500000,c,H02P0005505000,n
20150101,20160101,H02P0005500000,c,H02P0005510000,n
20150101,20160101,H02P0005520000,c,H02P0005520000,c
20150101,20160101,H02P0005520000,c,H02P0005540000,n
20150101,20160101,H02P0005520000,c,H02P0005560000,n
20150101,20160101,H02P0006000000,c,H02P0006000000,c
20150101,20160101,H02P0006000000,c,H02P0006260000,n
20150101,20160101,H02P0006000000,c,H02P0006280000,n
20150101,20160101,H02P0006000000,c,H02P0006300000,n
20150101,20160101,H02P0006000000,c,H02P0006320000,n
20150101,20160101,H02P0006000000,c,H02P0006340000,n
20150101,20160101,H02P0006040000,c,H02P0006040000,c
20150101,20160101,H02P0006040000,c,H02P0006100000,t
20150101,20160101,H02P0006040000,c,H02P0006260000,n
20150101,20160101,H02P0006080000,c,H02P0006080000,c
20150101,20160101,H02P0006080000,c,H02P0006100000,t
20150101,20160101,H02P0006080000,c,H02P0006280000,n
20150101,20160101,H02P0006140000,c,H02P0006140000,c
20150101,20160101,H02P0006140000,c,H02P0006150000,n
20150101,20160101,H02P0006160000,c,H02P0006160000,c
20150101,20160101,H02P0006160000,c,H02P0006170000,n
20150101,20160101,H02P0006180000,c,H02P0006180000,c
20150101,20160101,H02P0006180000,c,H02P0006182000,n
20150101,20160101,H02P0006180000,c,H02P0006185000,n
20150101,20160101,H02P0006200000,c,H02P0006200000,c
20150101,20160101,H02P0006200000,c,H02P0006210000,n
20150101,20160101,H02P0007000000,c,H02P0007000000,c
20150101,20160101,H02P0007000000,c,H02P0007020000,n
20150101,20160101,H02P0007000000,c,H02P0007025000,n
20150101,20160101,H02P0007000000,c,H02P0007030000,n
20150101,20160101,H02P0007280000,c,H02P0007280000,c
20150101,20160101,H02P0007280000,c,H02P0007281000,n
20150101,20160101,H02P0007282000,c,H02P0007281000,n
20150101,20160101,H02P0007282000,c,H02P0007282000,c
20150101,20160101,H02P0007285000,c,H02P0007281000,n
20150101,20160101,H02P0007285000,c,H02P0007285000,c
20150101,20160101,H02P0007288000,c,H02P0007281000,n
20150101,20160101,H02P0007288000,c,H02P0007288000,c
20150101,20160101,H02P0007290000,c,H02P0007281000,n
20150101,20160101,H02P0007290000,c,H02P0007290000,c
20150101,20160101,H02P0007290000,c,H02P0007291000,n
20150101,20160101,H02P0007292000,c,H02P0007281000,n
20150101,20160101,H02P0007292000,c,H02P0007292000,c
20150101,20160101,H02P0007292000,c,H02P0007293000,n
20150101,20160101,H02P0007295000,c,H02P0007281000,n
20150101,20160101,H02P0007295000,c,H02P0007295000,c
20150101,20160101,H02P0007298000,c,H02P0007281000,n
20150101,20160101,H02P0007298000,c,H02P0007298000,c
20150101,20160101,H02P0007340000,c,H02P0007340000,c
20150101,20160101,H02P0007340000,c,H02P0007343000,n
20150101,20160101,H02P0007340000,c,H02P0007347000,n
20150101,20160101,H02P0021000000,c,H02P0021000000,c
20150101,20160101,H02P0021000000,c,H02P0021220000,n
20150101,20160101,H02P0021000000,c,H02P0021240000,n
20150101,20160101,H02P0021000000,c,H02P0021260000,n
20150101,20160101,H02P0021000000,c,H02P0021280000,n
20150101,20160101,H02P0021000000,c,H02P0021300000,n
20150101,20160101,H02P0021000000,c,H02P0021320000,n
20150101,20160101,H02P0021000000,c,H02P0021340000,n
20150101,20160101,H02P0021000000,c,H02P0021360000,n
20150101,20160101,H02P0021060000,c,H02P0021060000,c
20150101,20160101,H02P0021060000,c,H02P0021080000,c
20150101,20160101,H02P0021060000,c,H02P0021090000,n
20150101,20160101,H02P0021060000,c,H02P0021100000,c
20150101,20160101,H02P0021060000,c,H02P0021260000,n
20150101,20160101,H02P0021080000,c,H02P0021080000,c
20150101,20160101,H02P0021080000,c,H02P0021090000,n
20150101,20160101,H02P0021080000,c,H02P0021100000,c
20150101,20160101,H02P0021080000,c,H02P0021260000,n
20150101,20160101,H02P0021100000,c,H02P0021100000,c
20150101,20160101,H02P0021100000,c,H02P0021260000,n
20150101,20160101,H02P0021120000,c,H02P0021120000,c
20150101,20160101,H02P0021120000,c,H02P0021280000,n
20150101,20160101,H02P0021140000,c,H02P0021140000,c
20150101,20160101,H02P0021140000,c,H02P0021160000,n
20150101,20160101,H02P0021140000,c,H02P0021180000,n
20150101,20160101,H02P0021140000,c,H02P0021200000,n
20150101,20160101,H02P0023000000,c,H02P0023000000,c
20150101,20160101,H02P0023000000,c,H02P0023160000,n
20150101,20160101,H02P0023000000,c,H02P0023180000,n
20150101,20160101,H02P0023000000,c,H02P0023200000,n
20150101,20160101,H02P0023000000,c,H02P0023220000,n
20150101,20160101,H02P0023000000,c,H02P0023240000,n
20150101,20160101,H02P0023000000,c,H02P0023260000,n
20150101,20160101,H02P0023000000,c,H02P0023280000,n
20150101,20160101,H02P0023000000,c,H02P0023300000,n
20150101,20160101,H02P0023060000,c,H02P0023060000,c
20150101,20160101,H02P0023060000,c,H02P0023070000,n
20150101,20160101,H02P0025020000,c,H02P0025020000,c
20150101,20160101,H02P0025020000,c,H02P0025022000,n
20150101,20160101,H02P0025020000,c,H02P0025024000,n
20150101,20160101,H02P0025020000,c,H02P0025026000,n
20150101,20160101,H02P0025020000,c,H02P0025028000,n
20150101,20160101,H02P0025020000,c,H02P0025030000,n
20150101,20160101,H02P0025020000,c,H02P0025032000,n
20150101,20160101,H02P0025020000,c,H02P0025034000,n
20150101,20160101,H02P0025060000,c,H02P0025060000,c
20150101,20160101,H02P0025060000,c,H02P0025062000,n
20150101,20160101,H02P0025060000,c,H02P0025064000,n
20150101,20160101,H02P0025060000,c,H02P0025066000,n
20150101,20160101,H02P0025080000,c,H02P0025080000,c
20150101,20160101,H02P0025080000,c,H02P0025083000,n
20150101,20160101,H02P0025080000,c,H02P0025086000,n
20150101,20160101,H02P0025080000,c,H02P0025089000,n
20150101,20160101,H02P0025080000,c,H02P0025092000,n
20150101,20160101,H02P0025080000,c,H02P0025098000,n
20150101,20160101,H02P0027020000,c,H02P0027020000,c
20150101,20160101,H02P0027020000,c,H02P0027024000,n
20150101,20160101,H02P0027040000,c,H02P0027040000,c
20150101,20160101,H02P0027040000,c,H02P0027048000,n
20150101,20160101,H02P0029000000,c,H02P0029000000,c
20150101,20160101,H02P0029000000,c,H02P0029100000,n
20150101,20160101,H02P0029000000,c,H02P0029200000,n
20150101,20160101,H02P0029000000,c,H02P0029400000,n
20150101,20160101,H02P0029000000,c,H02P0029500000,n
20150101,20160101,H02P0029000000,c,H02P0029600000,n
20150101,20160101,H02P0029000000,c,H02P0029620000,n
20150101,20160101,H02P0029000000,c,H02P0029640000,n
20150101,20160101,H02P0029000000,c,H02P0029660000,n
20150101,20160101,H02P0029000000,c,H02P0029680000,n
20150101,20160101,H02P0029020000,c,H02P0008360000,t
20150101,20160101,H02P0029020000,c,H02P0029020000,c
20150101,20160101,H02P0029020000,c,H02P0029024000,n
20150101,20160101,H02P0029020000,c,H02P0029028000,n
20150101,20160101,H02P0029020000,c,H02P0029032000,n
